"Content","Page"
"This article reviews the impact of institu","3"
"tionalization on the following areas of child","3"
"development: physical development; develop","3"
"mental milestones, intellectual development,","3"
"and academic achievement; behavior prob","3"
"lems; indiscriminate friendliness; and attach","3"
"ment.","3"
"Evidence on the persistence of or","3"
"changes in the behavior, its relation to length","3"
"of institutionalization, and its correlates are","3"
"also presented.","3"
"Such interventions included pro","4"
"viding sensory stimulation (Broussard & De","4"
"carie, 1971), placing infants as “houseguests”","4"
"with older residents (Skodak & Skeels, 1945,","4"
"1949), and improving child to caregiver ratios","4"
"(Hunt, Mohandessi, Ghodessi, & Akiyama,","4"
"1976). All of these studies showed that simple","4"
"changes within the orphanage environment","4"
"creased children’s developmental competence.","4"
"Further support for the idea that institution","4"
"alized children were not destined for develo","4"
"mental compromise came from the work of","4"
"Barbara Tizard and her colleagues with chil","4"
"dren who had spent the first 2 years of their","4"
"lives in high-quality institutions in the United","4"
"Kingdom (Tizard, 1977).","4"
"In these institutions","4"
"the child to caregiver ratios were 3:1 and the","4"
"were taken on outings, and were fed well.","4"
"The major way in which orphanage children’s","4"
"lives differed from the lives of home-reared","4"
"children was that caregivers were discouraged","4"
"from forming intimate relationships with them","4"
"(Tizard & Tizard, 1971). Tizard and Joseph","4"
"(1970) first assessed children in the institution","4"
"when they were 2 years old and compared","4"
"them to a sample of home-reared children","4"
"from a working class background. They found","4"
"that the institution children’s IQ scores were","4"
"only slightly lower than those of the working","4"
"class children and that their language was","4"
"only slightly delayed. At age 4.5 the mean IQ","4"
"of the children in an institution was in the","4"
"erage range and no language problems were","4"
"found (Tizard & Rees, 1974).","4"
"Hodges and","4"
"Tizard (1989) reported that children adopted","4"
"from the institution had normal IQs at 8 and","4"
"16 years of age. Tizard’s findings were more","4"
"positive than the findings of the earlier","4"
"search, but it is important to note that the ch","4"
"dren in Tizard’s sample had not experienced","4"
"the extreme deprivation experienced by earlier","4"
"samples of children (e.g., Goldfarb, 1945a","4"
"velopment (Bayley, 1969), Kaler and Free","5"
"man (1994) found that none of the orphanage","5"
"children were functioning at their age level","5"
"Dennis (1973) followed","5"
"and 20 of the 25 children functioned at levels","5"
"children from a Lebanese orphanage after they","5"
"that were less than half their chronological","5"
"were adopted and compared the developmen","5"
"age.","5"
"tal outcomes of children adopted at differen","5"
"ages. He claimed that children who had been","5"
"adopted before 2 years of age eventually re-","5"
"Similarly, Carlson and","5"
"gained normal IQs whereas those who were","5"
"Earls (1997) reported that a group of 2- to 9","5"
"adopted after 2 years of age showed perma-","5"
"month-old infants in a Romanian orphanage","5"
"nent deficits in IQ. Although this claim has","5"
"scored well below the Bayley norms for their","5"
"often been cited, it has not been adequately","5"
"age.","5"
"tested.","5"
"Sloutsky (1997), who assessed","5"
"differences in IQ scores between 6- to 7-year","5"
"old children reared in a Russian orphanage","5"
"and children of the same age reared at home","5"
"and found that the orphanage children scored","5"
"lower in IQ than home-reared children","5"
"Other researchers have been able to evalu","5"
"ate the intellectual development of previously","5"
"institutionalized Romanian children after the","5"
"Both sets of literature clearly","5"
"profound intervention of adoption. These two","5"
"demonstrate that institutionalization early in","5"
"projects, which are ongoing and have now fo","5"
"life has a negative impact on intellectual de-","5"
"lowed children up to 8 or more years after","5"
"velopment and that it is not only institutional","5"
"adoption, have provided the clearest informa","5"
"ization but also the length of institutionaliza","5"
"tion we have regarding intellectual develop","5"
"tion that is important.","5"
"ment in postinstitutionalized children.","5"
"The first","5"
"Most of the recent information we have","5"
"project, in British Columbia, Canada, com","5"
"concerning the impact of institutionalization","5"
"prised an initial sample of 46 Romanian chil","5"
"=dren who had spent at least 8 months (range","5"
"on intellectual development has been the re-","5"
"sult of the 1989 overthrow of the Ceausescu","5"
"8–53 months) in a Romanian orphanage (or","5"
"regime in Romania, after which the world be","5"
"phanage group) prior to their adoption to Can","5"
"came aware of thousands of children being","5"
"ada, when they were a median 18.5 months","5"
"=old (range8–68 months); 29 children who","5"
"housed in Romanian state-run orphanages.","5"
"would have gone to orphanage in Romania","5"
"had they not been adopted prior to 4 months","5"
"of age (early-adopted group); and 46 Cana","5"
"dian-born, nonadopted, never institutionalized","5"
"children (Canadian-born group) who were in","5"
"dividually matched on demographic charac","5"
"Shortly after the revolution, Kaler and","5"
"teristics to children in the orphanage group","5"
"Freeman (1994) were able to assess children","5"
"(Ames, 1997).","5"
"The second project (Rutter &","5"
"within the orphanage context. They conducted","5"
"the ERA Study Team, 1998) comprised a sam","5"
"cognitive assessments on 25 children ranging","5"
"ple of 165 children adopted to the United","5"
"in age from 23 to 50 months who resided in","5"
"Kingdom from Romania between birth and 42","5"
"a Romanian orphanage and compared them to","5"
"months of age. Most of the children, but not","5"
"same age peers from a Romanian kindergarten","5"
"all, had been adopted from orphanages. These","5"
"class. Apgar scores that were available for 13","5"
"children were compared to 52 children who","5"
"of the children indicated that they had normal","5"
"were adopted within the United Kingdom be","5"
"births. Using the Bayley Scales of Infant De","5"
"fore 6 months of age.","5"
"The length of","6"
"time that children spent in the orphanage was","6"
"positively associated with the number of areas","6"
"of delay on the R-DPDQ and negatively cor","6"
"related with children’s scores on the adaptive,","6"
"personal–social, and language scales of the","6"
"Gesell. In addition to the length of time in an","6"
"institution, the availability of toys and having","6"
"been a favorite in the institution were associ","6"
"ated with fewer delays and higher scores on","6"
"the Gesell scales, whereas being described as","6"
"Morison et al. (1995) found that 78%","6"
"dirty when first met by parents was associated","6"
"of orphanage children were delayed in all four","6"
"with more delays and lower Gesell scores","6"
"areas of development (personal–social, gross","6"
"(Morison et al., 1995).","6"
"motor, fine motor–adaptive, and language de-","6"
"Three years postadoption these researchers","6"
"velopment) assessed by the Revised Denver","6"
"(Morison & Ellwood, 2000) evaluated chil","6"
"Prescreening Developmental Questionnaire (R-","6"
"dren’s intellectual development using the Stan","6"
"DPDQ; Frankenberg, 1986).","6"
"ford–Binet Intelligence Scale, Fourth Edition","6"
"(SB4: Thorndike, Hagen, & Sattler, 1986)","6"
"IQ results","6"
"were analyzed separately for orphanage chil","6"
"Rutter and his colleagues reported simi-","6"
"dren who had been adopted before and after","6"
"lar findings with their sample of adoptees in","6"
"they were 2 years old. In comparing IQ scores","6"
"the United Kingdom (Rutter & the ERA","6"
"among the younger children, who were 4.5","6"
"Study Team, 1998).","6"
"years old when assessed, Morison and Ell","6"
"y 11 months postadoption, improvement","6"
"wood (2000) found a clear ordering among","6"
"was evident in the Canadian sample (Morison","6"
"the groups, in which the Canadian-born group","6"
"=scored highest (M109), the early-adopted","6"
"et al., 1995).","6"
"y
=children scored in the middle (M99), and","6"
"=the orphanage children scored lower (M91)","6"
"The orphanage children adopted at later ages","6"
"(24–60 months old) had the lowest IQs of all","6"
"=(M68).","6"
"Le Mare, Vaughan, Warford, and Ferny","6"
"hough (2001) conducted a later follow-up of","6"
"the Canadian sample, when the children were","6"
"9.5 years old or older. The pattern of group","6"
"results remained consistent with the earlier","6"
"findings.","6"
"Not unlike their earlier performance on","6"
"the R-DPDQ, the scores of later-adopted chil","6"
"dren were lower across all scales of the SB4","6"
"(i.e., overall IQ, verbal comprehension, and","6"
"nonverbal reasoning) at both 3 years after","6"
"adoption (Morison & Ellwood, 2000) and 8","7"
"years after adoption (Le Mare et al., 2001),","7"
"Rutter and colleagues used the General","7"
"Cognitive Index of the McCarthy Scales (Mc-","7"
"Carthy, 1972) and reported a similar ordering","7"
"among their groups of 4-year-old (Rutter &","7"
"the ERA Study Team, 1998) and 6-year-old","7"
"children (O’Connor, Rutter, Beckett, Keave","7"
"ney, Kreppner, & the ERA Study Team, 2000),","7"
"A study of","7"
"children reared in Greek orphanages in which","7"
"conditions were far superior to the conditions","7"
"found in Romania found lower academic per","7"
"formance among 9-year-old orphanage chil","7"
"dren compared to same gender and age peers","7"
"living at home (Vorria, Rutter, Pickles, Wol","7"
"The importance of length of institutional-","7"
"kind, & Hobsbaum, 1998)","7"
"ization for IQ is also supported by several re","7"
"ports of negative correlations between the two","7"
"= −.variables: r.75 3 years after adoption","7"
"= −.4(Morison & Ellwood, 2000), r48 at age","7"
"6 years (O’Connor, Rutter, Beckett, et al.,","7"
"= −.42000), and r44 at 8 or more years after","7"
"adoption (Le Mare et al., 2001).","7"
"In addition, 12%","7"
"of orphanage children adopted before 2 years","7"
"of age and 60% of orphanage children adopt","7"
"ed after 2 years of age had repeated a grade","7"
"Le Mare et al. (2001) con","7"
"cluded, however, that even though many or","7"
"phanage children were struggling within the","7"
"school context, a noticeable number of them","8"
"were functioning well within the average","8"
"range academically.","8"
"Mori-","8"
"son and Ellwood (2000) found that not only","8"
"institutionalization but also the home environ","8"
"ment contributed to children’s IQ scores 3","8"
"years after adoption","8"
"Children’s home envi-","8"
"ronments were measured using the Home Ob-","8"
"servation for Measurement of the Environ","8"
"ment (HOME; Caldwell & Bradley, 1984)","8"
"Children do better if they are reared in better","8"
"quality institutions (e.g., those studied by Tiz","8"
"ard, 1977) or in institutions in which percep","8"
"tual or social environments have been enriched.","8"
"previously institutionalized children","9"
"are typically small and malnourished after the","9"
"orphanage experience","9"
". Eighty-five percent of","9"
"orphanage children in the Canadian sample","9"
"fell below the 10th percentile and 59% of chil","9"
"dren fell below the 5th percentile for weight","9"
"(Morison et al., 1995).","9"
"In another group of 16","9"
"Physical Development","9"
"Romanian children adopted to Canada, 50%","9"
"Dana Johnson and colleagues (Johnson et al.,","9"
"were below the 5th percentile for weight and","9"
"1992) examined the medical condition of 65","9"
"44% were below the 5th percentile for height","9"
"previously institutionalized Romanian children","9"
"(Benoit et al., 1996).","9"
"who were adopted to the United States.","9"
"They","9"
"Rutter and the","9"
"found that only 15% of these children were","9"
"ERA Study Team (1998) reported that half of","9"
"considered physically healthy at the time of","9"
"the children had heights, weights, and head","9"
"adoption.","9"
"Convergent evidence for this find","9"
"circumferences below the 3 percentile","9"
"ing comes from the Romanian children adopt","9"
"ed to Canada (Fisher et al., 1997). In this sam","9"
"ple, 85% of children had a reported medical","9"
"problem. Similarly, Hostetter, Iverson, Thomas,","9"
"McKenzie, Dole, and Johnson (1991) found","9"
"that at least one medical problem was re-","9"
"ported for a majority of children adopted from","9"
"growth retardation in height","9"
"15 countries in East and South Asia, Central","9"
"has been shown to be associated with the","9"
"and South America, Africa, and the Caribbean","9"
"length of time that children had spent in insti","9"
"and Pacific Islands. Fisher et al. (1997) found","9"
"tutions (Ames, 1997; Johnson et al., 1992","9"
"that according to their parents’ reports orphan-","9"
"Rutter & the ERA Study Team, 1998)","9"
"age children’s most common medical prob-","9"
"lems when they were first adopted were intes","9"
"tinal parasites (31% of children), hepatitis B","9"
"(28% of children), and anemia (15% of chil","9"
"dren). These medical problems are consistent","9"
"with those noted by other researchers who","9"
"The only physiological measures that have","9"
"have examined medical problems in previ-","9"
"been examined are cortisol levels (Carlson &","9"
"ously institutionalized children from Romania","9"
"Earls, 1997; Gunnar et al., 2001) and patterns","9"
"(Benoit, Jocelyn, Moddeman, & Embree, 1996;","9"
"of brain glucose metabolism (Chugani et al.,","9"
"Gyorkos & MacLean, 1992; Jenista, 1992;","9"
"2001).","9"
"Marcovitch, Cesaroni, Roberts, & Swanson,","9"
"1995) and from several other countries (Hoks-","9"
"bergen, 1981; Hostetter et al. 1991)","9"
"This hypothesis is based on","10"
"substantial preclinical evidence that distur","10"
"bances in caregiving early in life alters devel","10"
"opment of the HPA axis and its central releas","10"
"ing hormone (Sanchez, Ladd, & Plotsky, 2001)","10"
"Both hy-","10"
"per- and hypocortisolemia can have negative","10"
"effects on health and behavioral functioning","10"
"(McEwen, 1998),","10"
"The first study to examine cortisol levels","10"
"Chugani and colleagues (2001) examined","10"
"among orphanage children was conducted by","10"
"brain dysfunction in ten 7- to 11-year-old","10"
"Carlson and Earls (1997). They measured am","10"
"children who had spent on average 38 months","10"
"bulatory cortisol levels in 2-year-old children","10"
"(range, 16–90 months) in a Romanian or","10"
"residing in a Romanian orphanage and com-","10"
"phanage prior to their adoption to the United","10"
"pared them to a sample of 2-year-old family","10"
"States.","10"
"reared children.","10"
"Carlson and Earls found that","10"
"orphanage children’s cortisol levels were not","10"
"elevated as compared to family-reared chil-","10"
"dren","10"
"Family-reared children displayed the","10"
"typical pattern: cortisol levels were highest in","10"
"the early morning and decreased over the day","10"
"Orphanage children, on the other hand, did","10"
"not display this pattern; indeed none of the","10"
"children they studied exhibited the typical di-","10"
"Chugani et al. (2001) found lower glucose","10"
"urnal pattern of cortisol production","10"
"Noon lev-","10"
"metabolism in several areas of the brain among","10"
"els of cortisol were positively correlated with","10"
"Romanian adoptees than in either the adult or","10"
"delays in cognitive functioning in the orphan","10"
"child comparison groups","10"
"They suggested that","10"
"age group.","10"
"Carlson and Earls (1997) sug-","10"
"the decreased brain glucose metabolism likely","10"
"gested that orphanage experience disturbs the","10"
"resulted from the Romanian adoptees’ experi","10"
"diurnal pattern of cortisol production but does","10"
"ence of early deprivation and may be one ex","10"
"not result in increased levels of cortisol con-","10"
"planation for the cognitive and behavioral def","10"
"centrations overall.","10"
"icits seen in many previously institutionalized","10"
"children. The reader is cautioned that early","10"
"deprivation in Chugani et al’s sample appears","10"
"to have included an unusually high frequency","10"
"of physical abuse.","10"
"Chugani et al. (2001) re","10"
"ported that 5 of the 10 Romanian children","10"
"they assessed had physical scarring that ap","10"
"peared to have resulted from lacerations","11"
"that 11 months after adoption Romanian or","11"
"burns, or broken bones.","11"
"phanage children adopted to Canada had higher","11"
"internalizing and total scores on the Child Be","11"
"It is possible therefore","11"
"havior Checklist (CBCL; Achenbach, Edel","11"
"that the brain dysfunction found by Chugani","11"
"brock, & Howell, 1987) than did early-adopted","11"
"et al. (2001) may be at least partially related","11"
"or Canadian-born children.","11"
"to pain and fear beyond the levels typical of","11"
"institutional life.","11"
"Children adopted after 6","11"
"months of age had higher externalizing and","11"
"total scores on the CBCL than Romanian chil","11"
"dren adopted before 6 months of age","11"
"Behavior Problems","11"
"Goldfarb","11"
"(1943b) found that previously institutional-","11"
"ized 6- to 8-year-old children who had been","11"
"placed in foster care at age 3 scored higher on","11"
"Although 3 years after adoption","11"
"behavior problem checklists than noninstitu-","11"
"the orphanage children no longer scored higher","11"
"tionalized children of the same age who had","11"
"than comparison groups on the internalizing","11"
"spent their lives in foster care","11"
"The same dif","11"
"scale of the CBCL, they continued to score","11"
"ference between these groups was also found","11"
"higher on the same internalizing items on which","11"
"during adolescence (Goldfarb, 1943a)","11"
"Even","11"
"they had scored higher at 11 months post","11"
"children who were adopted from the relatively","11"
"adoption, that is, stares into space, strange be","11"
"benign orphanage environment studied by","11"
"havior, acts too young, and speech problems","11"
"Tizard were described by their teachers as","11"
"having more behavior problems than their","11"
"classmates at both 8 (Tizard, 1977) and 16","11"
"years old (Hodges & Tizard, 1989).","11"
"Verhulst,","11"
"Althaus, and Versluis–Den Bieman (1990a,","11"
"1990b) found that 10- to 15-year-old children","11"
"who had been adopted from other countries to","11"
"the Netherlands between birth and 10 years of","11"
"age had more behavior problems than same","11"
"age nonadopted children.","11"
"Fisher et al. (1997) found","11"
"In the Canadian sample, research","12"
"Three","12"
"ers conducted in-depth interviews with par","12"
"years after adoption, orphanage children had","12"
"ents regarding any behavior problems they","12"
"no more eating problems than did Canadian","12"
"were experiencing with their children at or","12"
"born or early-adopted children (Ames, 1997).","12"
"soon after adoption (Fisher et al., 1997). The","12"
"A common behavior problem found in","12"
"main areas of problematic behavior were eat","12"
"most samples of orphanage children is stereo","12"
"ing, stereotyped behavior, and peer relation","12"
"typed behavior, that is, repeating the same","12"
"ships. Eleven months after adoption 65% of","12"
"movement over and over, as in body rocking","12"
"orphanage children had eating problems: par-","12"
"ents reported that one-third of children re","12"
"fused to eat solid foods and almost one-third","12"
"of children overate.","12"
"Sixty-seven percent of children rocked","12"
"and 19% moved their hands stereotypically.","12"
"Fisher et al. (1997) sug","12"
"gested that the stereotyped behavior of or","12"
"phanage children may represent the prolonga","12"
"tion of the stereotyped behaviors found in","12"
"normal infants around the time they learn to","12"
"sit, stand, or walk (Thelan, 1979, 1981). I","12"
"may also reflect a self-soothing strategy or an","12"
"attempt to self-stimulate in the barren orphan","12"
"age rooms.","12"
"In the Canadian sample, stereotyped be","12"
"havior was the most frequently reported be","12"
"havior problem of orphanage children but it","12"
"was also a behavior that improved quite rap","12"
"idly (Fisher et al., 1997).","12"
"In the Canadian","12"
"sample, many parents of orphanage children","12"
"reported that they continued to offer food to","12"
"children after a meal and that it was never","12"
"refused. Given orphanage children’s malnutri","12"
"tion and small size, such overeating probably","12"
"represents their bodies’ natural catch-up mech-","12"
"anism.","12"
"Children in orphanage had never eaten","12"
"enough food to allow them to learn feelings","12"
"of satiety (Fisher et al., 1997).","12"
"from orphanage to foster care at age 3.","13"
"Chu","13"
"gani et al. (2001) found that ten 7- to 11-year","13"
"old children adopted from Romanian orphan","13"
"Fisher et al. (1997) found","13"
"ages scored on standardized tests in the mildly","13"
"that 32% of orphanage children had problems","13"
"impaired range on attention and in the se","13"
"with peers. The most common problems in","13"
"verely impaired range on impulsivity.","13"
"volved either avoiding contact with peers or","13"
"At 3 years postadoption, orphanage children","13"
"being overwhelmed by peers’ attention,","13"
"in the Canadian sample scored higher than","13"
"comparison group children on the Attention","13"
"Problems subscale of the CBCL (Ames, 1997).","13"
"They were also reported by their parents ac","13"
"cording to the Parenting Stress Index (Abidin","13"
"1990) to be more distractible but not more hy","13"
"peractive on the Distractibility/Hyperactivity","13"
"subscale than comparison group children at","13"
"By the time the","13"
"11 months after adoption (Mainemer, Gilman","13"
"orphanage children had been in Canada for 8","13"
"& Ames, 1998) and more distractible and hy","13"
"or more years, their peer relationships had im-","13"
"peractive than comparison children 3 years af","13"
"proved (Warford, 2002).","13"
"ter adoption (Ames, 1997).","13"
"Kreppner, O’Connor, and Rutter","13"
"(2001) found that at both 4 and 6 years of","13"
"age the children who had been adopted from","13"
"Romania after 6 months of age were rated by","13"
"both teachers and parents on the Revised Rut","13"
"ter Parent and Teacher scales (Hogg, Rut","13"
"orphanage","13"
"ter, & Richman, 1997) as displaying higher","13"
"children felt less social support from their","13"
"inattention/overactivity than did Romanian","13"
"peer group or a close friend than did children","13"
"children or U.K. children who were adopted","13"
"in the other groups. The longer children had","13"
"before 6 months of age.","13"
"spent in institution, the less peer support they","13"
"The Canadian adoptees from Romania con","13"
"felt.","13"
"tinued to display more attention problems 8 or","13"
"more years after adoption (Le Mare & Audet","13"
"2002): orphanage children scored higher than","13"
"both Canadian-born and early-adopted children","13"
"on the Attention subscale of the CBCL and","13"
"Vorria, Rutter, Pickles, Wolkind, and Hobs","13"
"on the Impulsivity and Inhibitory Control sub","13"
"baum (1998) found that, compared to same","13"
"scales of the Children’s Behavior Question","13"
"aged peers living at home, 9- to 11-year-old","13"
"naire (Ahadi, Rothbart, & Ye, 1993) and lower","13"
"children living in a Greek orphanage were more","13"
"on the questionnaire’s Attention Focusing sub","13"
"inattentive and more often engaged in nonpro-","13"
"scale.","13"
"ductive activities in the classroom.","13"
"29%","13"
"of children in the orphanage group had re","13"
"high activity","13"
"ceived a clinical diagnosis of attention-deficit","13"
"levels, inability to attend, and distractibility as","13"
"disorder (ADD) or attention-deficit/hyperac","13"
"ongoing problems","13"
"tivity disorder (ADHD) whereas none of the","13"
"These findings are consis","13"
"comparison group children had received such","13"
"tent with the earlier work of Goldfarb (1945b","13"
"a diagnosis (Le Mare & Audet, 2002).","13"
"who reported distractibility and a lack of con-","13"
"centration among adolescents who had moved","13"
"Le Mare","14"
"and Audet (2002) found that children’s atten","14"
"Peer problems are also believed to arise","14"
"tional difficulties at 8 years of age were nega","14"
"from the characteristics of the orphanage en","14"
"tively correlated with their HOME environ-","14"
"vironment.","14"
"Young children in Romanian o","14"
"ment scores (Caldwell & Bradley, 1984)","14"
"phanages are generally quiet and unrespon","14"
"sive to each other, so after adoption they are","14"
"wary of and withdraw from family-reared chil","14"
"dren who are noisier, more active, and more","14"
"unpredictable than their peers in the orphan","14"
"age (Fisher et al., 1997). This unwillingness","14"
"to interact with peers further prevents them","14"
"from learning normal patterns of social inter","14"
"action. When they do become comfortable","14"
"enough to interact with peers in their new en","14"
"vironment, they externalize (“act out”) in u","14"
"acceptable ways that do not endear them to","14"
"those peers.","14"
"Several years after adoption, they","14"
"some behavior problems last","14"
"have improved on most indices of behavior","14"
"up to 8 or more years after removal from the","14"
"with peers but still have externalizing prob","14"
"institution.","14"
"Fisher et al. (1997) have pointed","14"
"lems and feel less social support from peers or","14"
"out that most of the characteristic early prob-","14"
"a close friend than family-reared children do.","14"
"lems of children adopted from orphanages","14"
"problems in attending may be at least","14"
"might indicate brain damage or emotionally","14"
"partly explained by the abrupt move from the","14"
"produced pathology if they were found in","14"
"very low levels of stimulation in the orphan","14"
"children reared in families. In orphanage chil","14"
"age to the overwhelming sensory stimulation","14"
"dren, however, they seem more correctly","14"
"of an adoptive home without any opportunity","14"
"characterized as behavioral adaptations to o","14"
"to gradually learn how to deal with greater","14"
"phanage life.","14"
"Children who have had inade","14"
"sensory complexity","14"
"quate nutrition in orphanage initially overeat","14"
"until they reach the proper weight. Children","14"
"who have been fed entirely by bottle for the","14"
"first 2 years of life resist solid food when it is","14"
"introduced for the first time. Young orphan","14"
"age children show the same stereotyped be-","14"
"haviors as family-reared children just starting","14"
"to sit, stand, or walk (Thelen, 1979), but when","14"
"Indiscriminate Friendliness","14"
"restriction to a crib for 18–20 hr/day does","14"
"not permit them to develop their motor skills","14"
"(Ames, 1997), these early stereotyped behav","14"
"iors are practiced for a prolonged period","14"
"Tizard","14"
"the general absence of sensory stimulation","14"
"(1977) characterized indiscriminate friendli","14"
"and soothing by adults, for example, by rock-","14"
"ness as behavior that is affectionate and","14"
"ing, children may learn to provide their own","14"
"friendly toward all adults (including strang","14"
"stimulation or soothing by making stereo","14"
"ers) without the fear or caution that is typical","14"
"typed movements.","14"
"in young children. In these cases the chil","14"
"dren’s behavior toward a stranger cannot be","14"
"discriminated from their behavior toward their","14"
"primary caregivers","14"
"Using","15"
"a scale of “disinhibited attachment distur","15"
"bance,” which contained three items similar","15"
"to those used by Chisholm (1998; Chisholm","15"
"et al., 1995), O’Connor et al. (1999) found","15"
"that approximately 20% of Romanian children","15"
"adopted between 6 and 24 months of age had","15"
"high scores on the scale compared to approxi","15"
"mately 10% of Romanian children adopted","15"
"before 6 months of age and 2% of a group of","15"
"children adopted within the United Kingdom","15"
"(Hodges & Tizard","15"
"1989). Goldfarb (1955) found that indiscrimi","15"
"nate friendliness was still present in adoles-","15"
"cents who had been institutionalized as chil-","15"
"dren but who were later fostered to unstable","15"
"foster care placements","15"
"Chisholm (1998; Chisholm et al., 1995)","15"
"developed a 5-item measure of indiscriminate","15"
"friendliness. Parents were asked five questions","15"
"assessing (a) whether their child wandered","15"
"without distress, (b) whether their child was","15"
"willing to go home with a stranger, (c) how","15"
"friendly their child was with new adults, (d)","15"
"whether their child was ever shy, and (e) what","15"
"their child typically did upon meeting new","15"
"adults","15"
"Unlike the findings for intellectual devel","15"
"opment and for other behavior problems, there","15"
"is disagreement among studies as to whether","16"
"children’s scores on indiscriminate friendliness","16"
"there is a relationship between the length of","16"
"at 3 years after adoption were positively cor","16"
"time that children have spent in orphanages","16"
"related with their attention problem scores more","16"
"(or their age at adoption) and the amount of","16"
"than 8 years after adoption.","16"
"indiscriminate friendliness they display. O’Con-","16"
"in the U.K. sample","16"
"nor and his colleagues found modest correla","16"
"children’s scores on disinhibited attachment","16"
"tions at both 4 years (O’Connor, et al., 1999)","16"
"disturbance were positively correlated with","16"
"and 6 years of age (O’Connor, Rutter, et al.,","16"
"their scores on hyperactivity and disruptive","16"
"2000) between duration of deprivation (age at","16"
"behavior measures at age 4","16"
"adoption) and children’s scores on disinhib-","16"
"and hyperactivity, disruptive behavior,","16"
"ited attachment behaviors in the U.K. group.","16"
"and emotional difficulties measures at 6 years","16"
"They pointed out, however, that some chil","16"
"dren who were adopted after 2 years in Roma-","16"
"In contrast to behavior problems, IQ does","16"
"nia showed no signs of disinhibited attach-","16"
"not appear to be strongly related to indiscrimi","16"
"ment behaviors and other children who were","16"
"nate friendliness","16"
"adopted within the first 6 months of life showed","16"
"signs of the behavior","16"
"In an attempt to better understand indis","16"
"criminate friendliness, researchers have exam","16"
"ined particular correlates that may be associ","16"
"ated with this behavior, focusing on aspects","16"
"of the institutional environment, child charac-","16"
"teristics, and family characteristics. In the Ca-","16"
"nadian sample Chisholm (1998) found that","16"
"high scores on indiscriminate friendliness 3","16"
"years postadoption were positively correlated","16"
"with the child having been a favorite in the","16"
"institution. Other measures of the quality of","16"
". Unlike","16"
"institutions, for example, quality of physical","16"
"many of the initial behaviors of concern in","16"
"care, whether toys were available (Chisholm","16"
"institutionalized children, displays of indis","16"
"et al. 1998), or children’s weight or develop","16"
"criminate friendliness do not appear to dissi","16"
"mental delay at adoption (O’Connor et al","16"
"pate over time but are still in evidence up to 8","16"
"1999; O’Connor, Rutter, et al., 2000) were","16"
"years after leaving the orphanage environment","16"
"unrelated to children’s indiscriminate friendli-","16"
"(Fernyhough et al., 2002; O’Connor, Rutter,","16"
"ness.","16"
"et al., 2000) and may persist even longer","16"
"(Goldfarb, 1955).","16"
"Chisholm (1998) has sug","16"
"gested that indiscriminate friendliness may","16"
"Researchers have","16"
"serve an adaptive function in the context of","16"
"consistently found associations between or-","16"
"the orphanage environment where emotional","16"
"phanage children’s indiscriminate friendliness","16"
"resources are extremely limited. Amid th","16"
"and their behavior problems. Chisholm (1998)","16"
"passivity of the orphanage an indiscriminately","16"
"found that at 3 years postadoption, children’s","16"
"friendly child may receive what little attention","16"
"indiscriminate friendliness scores were posi","16"
"caregivers have to offer","16"
"The fact that indis","16"
"tively correlated with their scores on the","16"
"criminate friendliness was associated with hav","16"
"CBCL.","16"
"Le Mare and Audet (2002) found that","16"
"ing been a favorite in the orphanage supports","16"
"this contention but does not explain what","17"
"function such behavior serves after adoption.","17"
"Similarly, O’Connor et al. (2003)","17"
"reported that children in their sample who","17"
"scored high on their Disinhibited Attachment","17"
"Disturbance scale were overwhelmingly clas","17"
"sified as Insecure/Other in terms of their at","17"
"tachment patterns","17"
"Both Chisholm (1998) and O’Connor et al.","17"
"(2003) found some securely attached children","17"
"O’Connor et al","17"
"who are indiscriminately friendly, and Mar","17"
"(1999) also suggested that indiscriminate friend-","17"
"covitch et al. (1997) reported that some se","17"
"liness may represent a form of developmental","17"
"curely attached children were observed to be ex","17"
"delay in the attachment behavioral system, al","17"
"tremely friendly to the stranger in the Strange","17"
"though their use of the term “disinhibited at","17"
"Situation. It seems unlikely, therefore, that in","17"
"tachment disturbance” seems to suggest atten","17"
"discriminate friendliness necessarily indicates","17"
"tion problems as well as involvement of the","17"
"an attachment disorder (Chisholm, 1998).","17"
"attachment system.","17"
"Indiscriminate friendliness is particularly","17"
"relevant to the study of attachment, given sug-","17"
"gestions that this behavior may be indicative","17"
"of “nonattachment” (Lieberman & Pawl, 1988)","17"
"or the disinhibited/indiscriminate subtype of","17"
"reactive attachment disorder (Zeanah, 1996,","17"
"2000). Both Lieberman and Pawl (1988) and","17"
"Zeanah (2000) described these disorders as re-","17"
"sulting from an infant not having had the op-","17"
"portunity to form an attachment relationship","17"
"Indiscriminate friendliness has little or no","17"
"relation to IQ, but it is positively correlated","17"
"with behavior problems, especially problems","17"
"of attention. To some extent, therefore, it may","17"
"reflect distractibility and impulsivity as ap","17"
"plied to interactions with strange adults.","17"
"vided one-on-one attention to children.","18"
"a possible differentiation of two compo","18"
"By the time the children","18"
"nents of indiscriminate friendliness: uninhib-","18"
"were 8 years old there were only 7 institution","18"
"ited friendliness toward all adults and lack of","18"
"children left to study and only a minority of","18"
"the secure base behavior characteristic of at-","18"
"them were suspected to have formed any at","18"
"tachment.","18"
"tachment to their institutional caregiver.","18"
"Attachment","18"
"Given that at-","18"
"tachment usually develops some time during","18"
"the second half of the first year of life (Bowl-","18"
"by, 1969/1982) children who have been housed","18"
"in institutions during the first year or 2 of life","18"
"necessarily develop an attachment relation","18"
"hip with adoptive parents later than is typi-","18"
"cal","18"
"most researchers have assumed that the","18"
"children would have been unlikely to have de","18"
"veloped an attachment relationship with care","18"
"givers within the institution, given the very","18"
"high child to caregiver ratios within institu","18"
"tions (Chisholm, 1998).","18"
"Chisholm","18"
"Tizard has been the only researcher who","18"
"et al. (1995) also reported that children from","18"
"examined children’s behavior toward their","18"
"institutions did not initially display proximity","18"
"caregivers within the institution context. Tiz-","18"
"promoting behaviors like smiling, crying, and","18"
"ard and Tizard (1971) found that when com","18"
"making eye contact, behaviors that often pro","18"
"paring children in institution to family-reared","18"
"mote contact with caregivers","18"
"Parents in the","18"
"2-year-olds, a list of preferred persons could","18"
"Canadian sample reported that when they first","18"
"easily be constructed for family-reared chil","18"
"met their children fewer than half of the chil","18"
"dren whereas lists of preferred persons for","18"
"dren would smile back at someone who smiled","18"
"children from institutions included anyone","18"
"at them.","18"
"that children knew well. The only “favorite","18"
"people in children’s lives were people they","18"
"saw rarely (i.e., a parent who visited), but","18"
"such persons were the only ones who pro","18"
"ports whether children had truly been unable","19"
"to form an initial attachment with caregivers","19"
"in the institution. Tizard and Rees (1975) re","19"
"ported that even though the institutions main","19"
"tained a policy that discouraged caregivers from","19"
"forming relationships with particular children","19"
"there were some indications that children did","19"
"have preferences among their regular caregiv","19"
"ers. Perhaps most important, there was a radi","19"
"cal difference between the two studies in terms","19"
"of the stability of placement for the children","19"
"postinstitutionalization.","19"
"Children in Goldfarb’s","19"
"study very often went to unstable foster care","19"
"placements. By the time children were be","19"
"Goldfarb","19"
"tween 10 and 14 years of age they had experi","19"
"(1943a) found that the majority of 10- to 14-","19"
"enced care in three or four different foster","19"
"year-olds who had been in orphanage for the","19"
"homes (Goldfarb, 1943a). It is likely that hav","19"
"first 3 years of life and were later removed to","19"
"ing experienced a series of broken attachment","19"
"foster homes were described as withdrawn and","19"
"relationships contributed to children’s emo-","19"
"“removed” with both family members and their","19"
"tional coldness.","19"
"Children in Tizard’s sample","19"
"caseworkers, and appeared unperturbed by ei-","19"
"however, went to stable adoptive homes","19"
"ther threats of removal from the home or","19"
"changes in foster care placements (Goldfarb","19"
"1945b).","19"
"Goldfarb concluded that","19"
"researchers have examined","19"
"orphanage children were unable to develop at-","19"
"attachment in previously institutionalized chil","19"
"tachment relationships with their foster par-","19"
"dren using standard separation reunion proce","19"
"ents and that the effects of institutionalization","19"
"dures and relying on validated attachment","19"
"were permanent. In contrast to Goldfarb’s work,","19"
"coding systems (Chisholm, 1998; Marcovitch","19"
"Tizard (1977) concluded that children could","19"
"et al., 1997; O’Connor et al., 2003).","19"
"become attached to parents after leaving an","19"
"researchers used a separation","19"
"institution. In her sample, 20 of 25 children","19"
"reunion procedure with preschool-aged chil","19"
"were reported to have formed an attachment","19"
"dren in which children first interacted with","19"
"relationship with their adoptive parents within","19"
"their mothers in play, stayed in the same room","19"
"a year of leaving the institution and a majority","19"
"with a stranger while their mother left, and","19"
"of parents reported that their child was deeply","19"
"then were reunited with their mothers","19"
"attached to them.","19"
"Children in Gold-","19"
"farb’s sample were delayed in every area of","19"
"Chis","19"
"development. In contrast, children in Tizard’s","19"
"holm (1998) used Crittenden’s (1992a) Pre","19"
"sample were chosen for good health and had","19"
"school Assessment of Attachment (PAA) to","19"
"average IQs when they left the institution","19"
"code preschool attachment patterns, whereas","19"
"(Tizard, Cooperman, Joseph, & Tizard, 1972)","19"
"both Marcovitch et al. (1997) and O’Connor","19"
"These factors would bode well for the forma","19"
"et al. (2003) used the Cassidy, Marvin, and","19"
"tion of an attachment relationship with par-","19"
"MacArthur Working Group (1992) Preschool","19"
"ents. Second, it is unclear from Tizard’s re","19"
"Attachment System","19"
"Chisholm (1998) found that, com","20"
"pared to orphanage children classified as se-","20"
"cure, those who were classified as insecure","20"
"had lower IQs, more behavior problems, par-","20"
"ents who reported higher levels of parenting","20"
"stress, and lower socioeconomic status back-","20"
"ground","20"
"Orphanage children in the Canadian sam","21"
"ple also displayed a higher percentage of com","21"
"pulsive caregiving (A3), a pattern more com","21"
"monly seen in neglected samples than in abused","21"
"samples of children (Crittenden & Claussen","21"
"2000)","21"
"The compulsive caregiving pattern is adopted","21"
"in response to a withdrawn or unresponsive","21"
"caregiver. A child displaying an A3 pattern","21"
"inhibits negative affect and attempts to cheer","21"
"an unresponsive caregiver with overbrightness","21"
"and nurturance (Crittenden, 1992a).","21"
"The distribution of atypical patterns in pre-","21"
"viously institutionalized children is not the","21"
"same as in other maltreated samples. One dif","21"
"ference is that orphanage samples display a","21"
"lower percentage of the Defended/Coercive","21"
"(A/C) insecure pattern than do other maltreated","21"
"samples. A child classified as A/C shifts back","21"
"and forth between defended and coercive strat-","21"
"egies in response to the behavior of an often","21"
"unpredictable caregiver","21"
"the Insecure","21"
"(other) pattern is more common in orphanage","21"
"samples than in maltreated samples. Insecure","21"
"(other), by definition indicates behavior that","21"
"is difficult to classify. This classification is","21"
"given when a child is clearly insecure, but th","21"
"strategy that he or she uses in interaction does","21"
"not fit any of the established insecure pat","21"
"terns.","21"
"Chisholm (1996)","22"
"concluded that Secure (other) children were","22"
"more similar to children classified as secure","22"
"Such atypicality in orphanage children’s","22"
"than to children classified as Insecure (other","22"
"attachment was also apparent in the attach-","22"
"This suggests that the PAA is able to classify","22"
"ment patterns of orphanage children classified","22"
"children appropriately as secure and insecure","22"
"as secure. The PAA (Crittenden, 1992a) has a","22"
"and yet reveals that orphanage children may","22"
"secure classification labeled “Secure (other).”","22"
"display even secure patterns of attachment dif","22"
"This classification is given when children are","22"
"ferently from both normal samples and nonin","22"
"clearly secure but the strategies they use in","22"
"stitutional, high-risk samples of children","22"
"interaction with their caregiver do not reflect","22"
"any of the standard subpatterns of secure.","22"
"This finding suggested the possibility that","22"
"the coding systems that were developed using","22"
"normative samples of children were inade","22"
"quate to evaluate attachment in institution","22"
"ized samples, that is, that children classified","22"
"as Secure (other) might not truly be secure","22"
"Chisholm (1996) compared Secure (other) chil-","22"
"dren to both the remaining secure children","22"
"to children classified as Insecure (other) to","22"
"find out which of these groups they resembled","22"
"more. (","22"
"Secure (other) children did not","22"
"differ from secure orphanage children on be","22"
"havior problems, parenting stress, or indiscrim-","22"
"inate friendliness, but they did have lower IQs","22"
"than secure orphanage children","22"
"Tizard and Hodges (1978), who did not","23"
"find a relationship between whether a parent","23"
"considered his or her child to be attached at 8","23"
"years of age and the length of time the child","23"
"had spent in institution: the majority of chil","23"
"dren who had spent at least 4.5 years in insti","23"
"tution were reported to be closely attached to","23"
"their parent at 8 years of age","23"
"it remains unclear","23"
"whether there is a length of time beyo","23"
"which developing a secure attachment rela","23"
"tionship may become impossible. Bowlby ini","23"
"tially claimed that if the opportunity to form","23"
"an attachment was delayed until after the age","23"
"of 2.5 years, it was “almost useless” (Bowlby,","23"
"1953), thereby implying a short window of","23"
"opportunity for developing attachment","23"
"By","23"
"1973, he claimed that the sensitive period for","23"
"attachment likely extended through the de","23"
"cade beyond a child’s fifth birthday, but that","23"
"such development would become increasingly","23"
"more difficult as a child grew older. This was","23"
"in line with a more modern emphasis on risk","23"
"and resilience in a probabilistic, rather than","23"
"deterministic, model of development (Rutter","23"
"& O’Connor, 1999).","23"
